id,TagName,numPosts
"2","machine-learning","4231"
"46","python","2842"
"194","deep-learning","1928"
"81","neural-network","1653"
"324","keras","1380"
"77","classification","1174"
"321","tensorflow","967"
"128","scikit-learn","910"
"47","nlp","867"
"557","cnn","729"
"72","time-series","711"
"157","regression","614"
"527","lstm","583"
"64","pandas","581"
"61","dataset","556"
"15","clustering","472"
"27","statistics","417"
"168","predictive-modeling","411"
"24","r","409"
"54","feature-selection","358"
"619","machine-learning-model","348"
"224","image-classification","342"
"255","data","332"
"5","data-mining","315"
"113","random-forest","307"
"317","xgboost","307"
"618","data-science-model","304"
"220","linear-regression","297"
"476","pytorch","290"
"340","reinforcement-learning","274"
"249","decision-trees","273"
"383","training","272"
"124","cross-validation","264"
"276","loss-function","262"
"332","feature-engineering","254"
"26","data-cleaning","253"
"114","logistic-regression","246"
"374","rnn","241"
"207","computer-vision","238"
"74","visualization","231"
"520","class-imbalance","211"
"76","svm","211"
"135","gradient-descent","208"
"239","multiclass-classification","205"
"266","word-embeddings","199"
"407","prediction","196"
"80","optimization","195"
"271","preprocessing","194"
"304","unsupervised-learning","190"
"607","object-detection","188"
"562","numpy","187"
"603","natural-language-process","187"
"307","autoencoder","173"
"101","accuracy","165"
"482","convolution","161"
"17","k-means","158"
"144","correlation","156"
"223","convnet","155"
"521","dataframe","154"
"402","overfitting","151"
"367","recommender-system","151"
"90","text-mining","151"
"730","bert","146"
"372","pca","145"
"102","categorical-data","142"
"528","forecasting","141"
"184","anomaly-detection","140"
"272","multilabel-classification","140"
"282","supervised-learning","136"
"136","feature-extraction","136"
"819","python-3.x","135"
"601","recurrent-neural-net","129"
"279","normalization","125"
"580","matplotlib","122"
"305","probability","122"
"628","data-analysis","122"
"348","word2vec","120"
"310","backpropagation","119"
"115","evaluation","119"
"487","gan","119"
"361","image-recognition","115"
"709","image-preprocessing","114"
"586","hyperparameter-tuning","112"
"200","feature-scaling","112"
"627","metric","111"
"19","algorithms","108"
"728","transformer","108"
"3","bigdata","107"
"45","dimensionality-reduction","102"
"864","text-classification","102"
"331","model-selection","101"
"588","transfer-learning","95"
"42","similarity","93"
"123","graphs","90"
"491","embeddings","88"
"612","k-nn","87"
"442","distribution","83"
"303","outlier","82"
"368","regularization","81"
"360","naive-bayes-classifier","80"
"631","boosting","79"
"539","generative-models","78"
"126","sampling","76"
"393","gpu","75"
"410","encoding","74"
"564","activation-function","74"
"398","sentiment-analysis","73"
"397","jupyter","71"
"195","ensemble-modeling","68"
"236","hyperparameter","68"
"100","confusion-matrix","67"
"600","math","66"
"287","missing-data","66"
"216","matlab","64"
"532","tfidf","64"
"251","named-entity-recognition","63"
"677","opencv","63"
"358","orange","63"
"335","text","61"
"345","nltk","58"
"129","kaggle","58"
"585","grid-search","58"
"690","attention-mechanism","56"
"621","mlp","55"
"465","variance","55"
"738","mathematics","54"
"480","plotting","54"
"416","bayesian","54"
"827","image-segmentation","53"
"12","performance","53"
"186","sequence","53"
"602","sequence-to-sequence","53"
"596","scipy","53"
"559","seaborn","53"
"664","pipelines","51"
"341","q-learning","51"
"591","kernel","51"
"290","distance","51"
"219","apache-spark","51"
"452","data-augmentation","50"
"519","smote","50"
"686","features","49"
"720","image","48"
"700","implementation","47"
"396","pyspark","47"
"502","linear-algebra","46"
"836","one-hot-encoding","46"
"499","ocr","45"
"769","lightgbm","45"
"569","dqn","45"
"670","deep-network","45"
"364","audio-recognition","44"
"614","ai","43"
"645","gridsearchcv","43"
"575","yolo","43"
"35","information-retrieval","42"
"847","categorical-encoding","42"
"376","labels","42"
"673","matrix","41"
"213","ranking","41"
"108","sql","41"
"78","binary","41"
"598","bias","41"
"159","csv","41"
"328","data-imputation","40"
"388","geospatial","40"
"327","machine-translation","40"
"51","lda","40"
"48","language-model","39"
"412","gaussian","39"
"779","spacy","38"
"656","policy-gradients","37"
"707","imbalanced-learn","37"
"283","descriptive-statistics","37"
"617","colab","37"
"291","cosine-distance","36"
"329","gensim","36"
"185","forecast","36"
"322","excel","36"
"756","explainable-ai","36"
"511","perceptron","36"
"530","mnist","36"
"120","beginner","34"
"537","batch-normalization","34"
"443","text-generation","34"
"50","topic-model","34"
"299","anaconda","33"
"370","dbscan","32"
"610","faster-rcnn","32"
"363","association-rules","31"
"233","terminology","30"
"450","cost-function","29"
"731","dummy-variables","29"
"757","softmax","28"
"570","mini-batch-gradient-descent","28"
"504","similar-documents","27"
"577","speech-to-text","27"
"522","classifier","27"
"791","arima","27"
"840","auc","27"
"6","databases","26"
"36","google","26"
"568","openai-gym","26"
"298","ipython","26"
"243","genetic-algorithms","25"
"877","f1score","25"
"606","vgg16","25"
"313","weka","25"
"741","vae","24"
"382","dropout","24"
"908","interpretation","24"
"325","azure-ml","24"
"839","multivariate-distribution","24"
"820","statsmodels","23"
"227","rstudio","23"
"319","data-wrangling","23"
"146","error-handling","23"
"281","feature-construction","23"
"218","finance","23"
"637","weight-initialization","23"
"486","data-leakage","22"
"87","aws","22"
"505","representation","22"
"633","predictor-importance","22"
"747","probability-calibration","22"
"323","semi-supervised-learning","22"
"212","scoring","22"
"813","multi-output","22"
"481","matrix-factorisation","22"
"205","object-recognition","21"
"641","epochs","21"
"280","weighted-data","21"
"377","tsne","21"
"484","tokenization","20"
"743","web-scraping","20"
"611","ensemble-learning","20"
"356","bayesian-networks","20"
"828","adaboost","20"
"682","orange3","20"
"764","mse","20"
"293","learning","20"
"273","reference-request","20"
"409","score","19"
"389","sequential-pattern-mining","19"
"71","social-network-analysis","19"
"599","markov-hidden-model","19"
"215","markov-process","19"
"696","neural","19"
"584","actor-critic","19"
"351","convergence","19"
"754","gaussian-process","19"
"833","gru","19"
"438","theory","19"
"808","time","18"
"613","hardware","18"
"669","heatmap","18"
"623","annotation","18"
"344","ab-test","18"
"533","learning-rate","18"
"767","lasso","18"
"193","tableau","18"
"818","semantic-similarity","18"
"593","reshape","18"
"403","powerbi","18"
"719","ridge-regression","17"
"109","research","17"
"801","question-answering","17"
"888","shap","17"
"474","monte-carlo","17"
"512","automatic-summarization","17"
"359","churn","17"
"671","collinearity","17"
"932","graph-neural-network","17"
"630","generalization","17"
"851","groupby","16"
"555","ensemble","16"
"23","apache-hadoop","16"
"699","ml","16"
"911","ner","16"
"237","survival-analysis","16"
"380","stanford-nlp","16"
"466","regex","16"
"863","pattern-recognition","16"
"817","siamese-networks","15"
"572","noise","15"
"160","online-learning","15"
"739","finetuning","15"
"21","tools","15"
"524","vector-space-models","15"
"560","historgram","14"
"86","clusters","14"
"870","data-engineering","14"
"834","openai-gpt","14"
"73","javascript","14"
"337","json","14"
"250","self-study","14"
"37","search","14"
"84","parameter","14"
"789","pickle","14"
"856","predict","14"
"217","simulation","13"
"582","learning-to-rank","13"
"104","data-formats","13"
"284","aggregation","13"
"240","books","13"
"139","career","13"
"457","inception","13"
"926","gradient","13"
"943","derivation","13"
"312","fuzzy-logic","12"
"675","evolutionary-algorithms","12"
"859","google-cloud","12"
"278","ggplot2","12"
"164","gbm","12"
"483","active-learning","12"
"179","java","12"
"65","parallel","12"
"261","multitask-learning","12"
"876","sparse","12"
"770","pooling","12"
"853","pearsons-correlation-coefficient","12"
"725","sagemaker","12"
"838","pruning","11"
"571","neural-style-transfer","11"
"822","non-parametric","11"
"167","marketing","11"
"254","bioinformatics","11"
"737","density-estimation","11"
"713","chatbot","11"
"156","glm","11"
"755","inceptionresnetv2","11"
"366","interpolation","11"
"826","huggingface","11"
"238","discriminant-analysis","11"
"640","dplyr","10"
"110","experiments","10"
"922","confidence","10"
"565","cloud-computing","10"
"759","coursera","10"
"724","3d-reconstruction","10"
"841","ann","10"
"362","market-basket-analysis","10"
"437","methodology","10"
"395","jaccard-coefficient","10"
"552","ngrams","10"
"632","objective-function","10"
"952","roc","10"
"158","scala","10"
"373","randomized-algorithms","10"
"660","stacked-lstm","10"
"470","vc-theory","10"
"534","twitter","9"
"605","svr","9"
"967","pretraining","9"
"354","parameter-estimation","9"
"513","nvidia","9"
"556","pac-learning","9"
"924","labelling","9"
"914","bagging","9"
"711","deepmind","9"
"289","expectation-maximization","9"
"802","doc2vec","9"
"960","hypothesis-testing","9"
"202","hive","9"
"105","hierarchical-data-format","9"
"445","information-theory","9"
"717","h2o","8"
"427","graphical-model","8"
"444","estimators","8"
"663","fastai","8"
"550","game","8"
"1","definitions","8"
"723","difference","8"
"795","causalimpact","8"
"701","code","8"
"920","bootstraping","8"
"662","ndcg","8"
"879","natural-gradient-boosting","8"
"732","pip","8"
"693","rbf","8"
"830","rmse","8"
"315","scraping","8"
"961","semantic-segmentation","8"
"235","sas","8"
"708","smotenc","7"
"646","sensors","7"
"874","spectral-clustering","7"
"896","plotly","7"
"67","parsing","7"
"229","programming","7"
"594","project-planning","7"
"468","privacy","7"
"652","probabilistic-programming","7"
"415","mutual-information","7"
"667","nlg","7"
"232","notation","7"
"301","numerical","7"
"485","linux","7"
"211","methods","7"
"554","meta-learning","7"
"905","isolation-forest","7"
"882","cart","7"
"971","catboost","7"
"831","anova","7"
"535","cloud","7"
"814","corpus","7"
"561","counts","7"
"320","data-product","7"
"721","discounted-reward","7"
"11","efficiency","7"
"886","information-extraction","7"
"333","hinge-loss","7"
"400","torch","7"
"538","word","7"
"953","windows","7"
"59","indexing","6"
"729","gmm","6"
"39","education","6"
"29","distributed","6"
"678","feature-reduction","6"
"884","exploratory-factor-analysis","6"
"938","fasttext","6"
"455","data.table","6"
"916","chi-square-test","6"
"514","alex-net","6"
"286","c","6"
"956","bag-of-words","6"
"799","automl","6"
"567","keras-rl","6"
"772","one-shot-learning","6"
"806","networkx","6"
"22","processing","6"
"786","pytorch-geometric","6"
"269","software-recommendation","6"
"860","spyder","6"
"745","structured-data","6"
"471","search-engine","6"
"918","target-encoding","5"
"854","spearmans-rank-correlation","5"
"10","scalability","5"
"16","octave","5"
"933","knowledge-graph","5"
"869","linearly-separable","5"
"980","loss","5"
"55","map-reduce","5"
"608","automation","5"
"680","activity-recognition","5"
"904","cuda","5"
"422","etl","5"
"718","dynamic-programming","5"
"934","early-stopping","5"
"867","encoder","5"
"935","estimation","5"
"974","google-data-studio","5"
"704","image-size","5"
"566","homework","5"
"948","hashing-trick","4"
"890","hashingvectorizer","4"
"342","google-prediction-api","4"
"976","google-cloud-platform","4"
"687","genetic-programming","4"
"909","elastic-net","4"
"478","dirichlet","4"
"716","finite-precision","4"
"913","functional-api","4"
"43","data-stream-mining","4"
"401","competitions","4"
"865","3d-object-detection","4"
"583","anomaly","4"
"119","anonymization","4"
"958","api","4"
"823","bayesian-nonparametric","4"
"464","management","4"
"330","lsi","4"
"988","mean","4"
"942","lime","4"
"95","knowledge-base","4"
"274","julia","4"
"891","naive-bayes-algorithim","4"
"775","movielens","4"
"56","mongodb","4"
"883","structural-equation-modelling","4"
"783","tesseract","4"
"461","text-filter","4"
"629","self-driving","4"
"735","serialisation","4"
"226","software-development","4"
"811","sparsity","4"
"712","wolfram-language","4"
"222","version-control","4"
"798","unseen-data","4"
"999","validation","3"
"82","usecase","3"
"788","stemming","3"
"214","sports","3"
"973","poisson","3"
"790","multi-instance-learning","3"
"901","mxnet","3"
"40","open-source","3"
"855","kendalls-tau-coefficient","3"
"776","knime","3"
"175","library","3"
"8","libsvm","3"
"871","metaheuristics","3"
"986","machine","3"
"763","manhattan","3"
"288","markov","3"
"972","boruta","3"
"752","categories","3"
"895","bokeh","3"
"780","allennlp","3"
"458","caffe","3"
"930","crisp-dm","3"
"60","data-indexing-techniques","3"
"955","document-term-matrix","3"
"434","domain-adaptation","3"
"928","esl","3"
"957","imbalance","3"
"907","infere","3"
"197","infographics","2"
"302","history","2"
"931","gnn","2"
"975","google-bigquery","2"
"965","grammar-inference","2"
"746","fuzzy-classification","2"
"947","field-aware-factorization-machines","2"
"858","frequentist","2"
"774","feature-map","2"
"116","crawling","2"
"644","cs231n","2"
"979","cause-and-effect","2"
"473","community","2"
"963","context-vector","2"
"62",".net","2"
"852","c++","2"
"587","bayes-error","2"
"734","aws-lambda","2"
"962","backbone-network","2"
"378","manifold","2"
"744","mean-shift","2"
"66","metadata","2"
"651","mcmc","2"
"510","lda-classifier","2"
"881","linear-programming","2"
"846","least-squares-svm","2"
"13","nosql","2"
"857","nl2sql","2"
"987","normal","2"
"624","normal-equation","2"
"31","neo4j","2"
"880","ngboost","2"
"887","mlflow","2"
"634","momentum","2"
"959","permutation-test","2"
"898","sap","2"
"365","rbm","2"
"411","spss","2"
"334","stata","2"
"138","state-of-the-art","2"
"581","tflearn","2"
"311","theano","2"
"970","shiny","2"
"892","skorch","2"
"994","sgd","2"
"903","tpu","2"
"816","wikipedia","2"
"674","spatial-transformer","1"
"985","stacking","1"
"951","stab","1"
"459","redshift","1"
"995","rmsprop","1"
"990","rfe","1"
"14","relational-dbms","1"
"969","pdp","1"
"989","pearson","1"
"984","principal-axis","1"
"467","noisification","1"
"949","or-tools","1"
"941","latex","1"
"929","kerastuner","1"
"966","bart","1"
"386","amazon-ml","1"
"954","autoencodere","1"
"346","apache-kafka","1"
"998","concept-drift","1"
"83","consumerweb","1"
"964","communication","1"
"997","federated-learning","1"
"936","estimation-updating","1"
"937","duplicate-records","1"
"978","document-understanding","1"
"927","graphviz","1"
"977","generlized-advantaged-estimation","1"
"143","genetic","1"
"991","hmm","1"
"206","hog","1"
"940","imputation","1"