TagName,numPosts
"machine-learning","8329"
"python","4867"
"neural-network","3473"
"deep-learning","3442"
"classification","2353"
"keras","2150"
"scikit-learn","1657"
"tensorflow","1578"
"nlp","1509"
"r","1235"
"time-series","1228"
"regression","1118"
"dataset","1089"
"clustering","1047"
"cnn","1032"
"data-mining","1015"
"pandas","948"
"predictive-modeling","931"
"lstm","866"
"statistics","807"
"feature-selection","683"
"random-forest","601"
"data","586"
"image-classification","578"
"linear-regression","549"
"decision-trees","543"
"data-cleaning","528"
"visualization","520"
"xgboost","509"
"text-mining","507"
"rnn","487"
"logistic-regression","483"
"reinforcement-learning","482"
"convnet","465"
"svm","457"
"cross-validation","453"
"machine-learning-model","447"
"training","434"
"bigdata","424"
"computer-vision","418"
"feature-engineering","414"
"loss-function","372"
"data-science-model","366"
"multiclass-classification","363"
"class-imbalance","359"
"gradient-descent","356"
"recommender-system","349"
"optimization","348"
"unsupervised-learning","345"
"pytorch","343"
"preprocessing","340"
"k-means","340"
"algorithms","338"
"word-embeddings","328"
"prediction","327"
"feature-extraction","315"
"categorical-data","292"
"supervised-learning","282"
"correlation","275"
"word2vec","273"
"autoencoder","267"
"convolution","263"
"numpy","259"
"accuracy","256"
"anomaly-detection","248"
"pca","248"
"backpropagation","245"
"natural-language-process","242"
"multilabel-classification","237"
"probability","227"
"object-detection","225"
"overfitting","224"
"dataframe","224"
"image-recognition","224"
"apache-spark","222"
"similarity","211"
"dimensionality-reduction","208"
"evaluation","208"
"normalization","206"
"recurrent-neural-net","187"
"feature-scaling","184"
"orange","182"
"model-selection","181"
"forecasting","181"
"gan","179"
"graphs","179"
"naive-bayes-classifier","158"
"outlier","156"
"sentiment-analysis","153"
"data-analysis","153"
"matplotlib","149"
"hyperparameter-tuning","147"
"bert","146"
"matlab","145"
"metric","144"
"ensemble-modeling","141"
"sampling","139"
"python-3.x","136"
"regularization","134"
"performance","134"
"beginner","131"
"gpu","128"
"missing-data","128"
"k-nn","124"
"hyperparameter","124"
"transfer-learning","121"
"distribution","119"
"nltk","118"
"image-preprocessing","114"
"encoding","113"
"text","113"
"information-retrieval","112"
"generative-models","112"
"apache-hadoop","112"
"confusion-matrix","112"
"embeddings","111"
"jupyter","111"
"plotting","110"
"distance","110"
"activation-function","110"
"q-learning","109"
"named-entity-recognition","108"
"transformer","108"
"pyspark","107"
"text-classification","103"
"boosting","95"
"forecast","94"
"lda","94"
"topic-model","93"
"sequence","92"
"kaggle","90"
"bayesian","88"
"social-network-analysis","85"
"tfidf","85"
"ranking","82"
"audio-recognition","81"
"math","80"
"sql","79"
"data-imputation","78"
"variance","78"
"databases","77"
"csv","77"
"binary","77"
"gensim","77"
"sequence-to-sequence","76"
"labels","75"
"grid-search","75"
"data-augmentation","74"
"mlp","74"
"seaborn","73"
"smote","72"
"terminology","72"
"kernel","72"
"dqn","72"
"opencv","71"
"perceptron","69"
"gaussian","69"
"reference-request","66"
"mnist","64"
"linear-algebra","64"
"geospatial","64"
"association-rules","64"
"machine-translation","63"
"scipy","63"
"language-model","62"
"descriptive-statistics","62"
"cosine-distance","61"
"attention-mechanism","61"
"ocr","61"
"tools","61"
"weka","61"
"cost-function","59"
"feature-construction","59"
"excel","58"
"dropout","57"
"object-recognition","57"
"yolo","57"
"markov-process","56"
"deep-network","56"
"bias","56"
"pipelines","55"
"mathematics","54"
"java","54"
"dbscan","54"
"image-segmentation","54"
"ipython","53"
"career","52"
"ai","52"
"implementation","51"
"policy-gradients","51"
"gridsearchcv","50"
"features","50"
"gbm","50"
"image","48"
"batch-normalization","48"
"classifier","48"
"tsne","48"
"text-generation","47"
"bayesian-networks","47"
"rstudio","47"
"matrix","47"
"one-hot-encoding","47"
"online-learning","46"
"search","46"
"similar-documents","46"
"stanford-nlp","46"
"anaconda","46"
"genetic-algorithms","46"
"azure-ml","45"
"mini-batch-gradient-descent","45"
"lightgbm","45"
"weighted-data","45"
"theano","44"
"matrix-factorisation","44"
"sequential-pattern-mining","44"
"finance","43"
"inception","42"
"categorical-encoding","42"
"colab","42"
"data-wrangling","42"
"semi-supervised-learning","42"
"scala","42"
"scoring","41"
"research","41"
"clusters","41"
"aws","41"
"ab-test","41"
"error-handling","41"
"faster-rcnn","40"
"google","40"
"self-study","40"
"spacy","39"
"imbalanced-learn","38"
"explainable-ai","36"
"scraping","36"
"parallel","36"
"parameter-estimation","36"
"parameter","35"
"tableau","35"
"education","34"
"distributed","34"
"theory","34"
"books","33"
"data-formats","33"
"software-recommendation","33"
"speech-to-text","33"
"programming","33"
"openai-gym","32"
"efficiency","32"
"vgg16","32"
"definitions","31"
"survival-analysis","31"
"learning","30"
"javascript","30"
"churn","30"
"dummy-variables","30"
"ensemble-learning","30"
"information-theory","29"
"aggregation","29"
"auc","29"
"markov-hidden-model","29"
"softmax","29"
"rbm","29"
"representation","29"
"regex","29"
"probability-calibration","28"
"predictor-importance","28"
"marketing","28"
"json","28"
"convergence","28"
"ggplot2","28"
"experiments","28"
"weight-initialization","28"
"epochs","27"
"data-leakage","27"
"arima","27"
"parsing","27"
"scalability","27"
"reshape","26"
"learning-rate","26"
"map-reduce","26"
"graphical-model","26"
"tokenization","26"
"vector-space-models","25"
"f1score","25"
"fuzzy-logic","25"
"methodology","25"
"orange3","25"
"score","25"
"simulation","24"
"statsmodels","24"
"noise","24"
"multitask-learning","24"
"multivariate-distribution","24"
"interpretation","24"
"generalization","24"
"ensemble","24"
"glm","24"
"automatic-summarization","24"
"vae","24"
"actor-critic","23"
"hardware","23"
"monte-carlo","23"
"powerbi","23"
"multi-output","22"
"hierarchical-data-format","22"
"annotation","22"
"bioinformatics","22"
"adaboost","21"
"gru","21"
"market-basket-analysis","21"
"knowledge-base","20"
"mse","20"
"neural","20"
"nosql","20"
"interpolation","20"
"expectation-maximization","20"
"collinearity","20"
"web-scraping","20"
"gaussian-process","19"
"heatmap","19"
"ngrams","19"
"numerical","19"
"sas","19"
"semantic-similarity","18"
"randomized-algorithms","18"
"open-source","18"
"learning-to-rank","18"
"lasso","18"
"historgram","18"
"discriminant-analysis","18"
"cloud-computing","18"
"time","18"
"twitter","17"
"caffe","17"
"hive","17"
"graph-neural-network","17"
"objective-function","17"
"ml","17"
"question-answering","17"
"ridge-regression","17"
"processing","17"
"shap","17"
"stacked-lstm","17"
"pattern-recognition","16"
"neural-style-transfer","16"
"ner","16"
"methods","16"
"groupby","16"
"estimators","16"
"finetuning","16"
"active-learning","16"
"vc-theory","16"
"torch","15"
"apache-mahout","15"
"game","15"
"mongodb","15"
"nvidia","15"
"octave","15"
"software-development","15"
"siamese-networks","15"
"search-engine","15"
"pac-learning","14"
"pickle","14"
"predict","14"
"openai-gpt","14"
"mutual-information","14"
"libsvm","14"
"jaccard-coefficient","14"
"dplyr","14"
"data-engineering","14"
"data.table","14"
"data-stream-mining","14"
"derivation","13"
"c","13"
"evolutionary-algorithms","13"
"gradient","13"
"indexing","13"
"library","13"
"svr","13"
"sparse","12"
"sagemaker","12"
"pooling","12"
"probabilistic-programming","12"
"pearsons-correlation-coefficient","12"
"linux","12"
"neo4j","12"
"meta-learning","12"
"notation","12"
"google-cloud","12"
"data-product","12"
"density-estimation","11"
"chatbot","11"
"inceptionresnetv2","11"
"homework","11"
"huggingface","11"
"non-parametric","11"
"markov","11"
"julia","11"
"pip","11"
"project-planning","11"
"pruning","11"
"tflearn","11"
"word","10"
"windows","10"
"privacy","10"
"roc","10"
"keras-rl","10"
"metadata","10"
"hypothesis-testing","10"
"cloud","10"
"confidence","10"
"counts","10"
"coursera","10"
"crawling","10"
"difference","10"
"ann","10"
"3d-reconstruction","10"
"alex-net","10"
"amazon-ml","9"
"anonymization","9"
"bagging","9"
"deepmind","9"
"google-prediction-api","9"
"etl","9"
"domain-adaptation","9"
"doc2vec","9"
"management","9"
"labelling","9"
"ndcg","9"
"pretraining","9"
"rbf","9"
"rmse","8"
"sensors","8"
"semantic-segmentation","8"
"natural-gradient-boosting","8"
"nlg","8"
"fastai","8"
"feature-reduction","8"
"hinge-loss","8"
"h2o","8"
"code","8"
"causalimpact","8"
"bootstraping","8"
"version-control","8"
"usecase","7"
"text-filter","7"
"cart","7"
"catboost","7"
"bayes-error","7"
"automation","7"
"anova","7"
"anomaly","7"
"apache-pig","7"
".net","7"
"corpus","7"
"competitions","7"
"discounted-reward","7"
"data-indexing-techniques","7"
"infographics","7"
"information-extraction","7"
"normal-equation","7"
"lda-classifier","7"
"isolation-forest","7"
"lsi","7"
"manifold","7"
"smotenc","7"
"spectral-clustering","7"
"state-of-the-art","7"
"plotly","7"
"pytorch-geometric","6"
"stata","6"
"spyder","6"
"sports","6"
"self-driving","6"
"one-shot-learning","6"
"networkx","6"
"google-data-studio","6"
"gmm","6"
"fasttext","6"
"exploratory-factor-analysis","6"
"dirichlet","6"
"consumerweb","6"
"chi-square-test","6"
"activity-recognition","6"
"automl","6"
"bag-of-words","6"
"structured-data","6"
"cuda","5"
"finite-precision","5"
"featurization","5"
"dynamic-programming","5"
"early-stopping","5"
"estimation","5"
"encoder","5"
"genetic","5"
"genetic-programming","5"
"image-size","5"
"history","5"
"loss","5"
"linearly-separable","5"
"knowledge-graph","5"
"spss","5"
"spearmans-rank-correlation","5"
"target-encoding","5"
"relational-dbms","5"
"redshift","5"
"pgm","5"
"tesseract","4"
"structural-equation-modelling","4"
"sparsity","4"
"serialisation","4"
"lime","4"
"mcmc","4"
"mean","4"
"naive-bayes-algorithim","4"
"movielens","4"
"momentum","4"
"imbalance","4"
"infere","4"
"google-cloud-platform","4"
"hashing-trick","4"
"hashingvectorizer","4"
"energy","4"
"esl","4"
"elastic-net","4"
"functional-api","4"
"community","4"
"cs231n","4"
"bayesian-nonparametric","4"
"3d-object-detection","4"
"api","4"
"apache-kafka","4"
"unseen-data","4"
"tranformation","4"
"wolfram-language","4"
"validation","3"
"allennlp","3"
"categories","3"
"boruta","3"
"c++","3"
"bokeh","3"
"crisp-dm","3"
"freebase","3"
"document-term-matrix","3"
"hog","3"
"multi-instance-learning","3"
"mxnet","3"
"noisification","3"
"metaheuristics","3"
"manhattan","3"
"machine","3"
"knime","3"
"kendalls-tau-coefficient","3"
"spatial-transformer","3"
"stemming","3"
"poisson","3"
"pybrain","3"
"rattle","3"
"reductions","2"
"permutation-test","2"
"sgd","2"
"shiny","2"
"skorch","2"
"sap","2"
"least-squares-svm","2"
"linear-programming","2"
"mean-shift","2"
"normal","2"
"nl2sql","2"
"ngboost","2"
"mlflow","2"
"hbase","2"
"grammar-inference","2"
"graphviz","2"
"gnn","2"
"google-bigquery","2"
"glorot-initialization","2"
"frequentist","2"
"field-aware-factorization-machines","2"
"fuzzy-classification","2"
"feature-map","2"
"context-vector","2"
"cause-and-effect","2"
"aws-lambda","2"
"backbone-network","2"
"tpu","2"
"wikipedia","2"
"autoencodere","1"
"bart","1"
"communication","1"
"concept-drift","1"
"federated-learning","1"
"document-understanding","1"
"duplicate-records","1"
"estimation-updating","1"
"generlized-advantaged-estimation","1"
"ibm-watson","1"
"hmm","1"
"imputation","1"
"or-tools","1"
"latex","1"
"kerastuner","1"
"stacking","1"
"stab","1"
"pdp","1"
"pearson","1"
"principal-axis","1"
"rmsprop","1"
"rfe","1"